ip,requests_per_ip,failed_requests,unique_endpoints,avg_bytes
1.22.35.226,6,0,6,13380.5
100.2.4.116,6,0,3,18111727.0
100.43.83.137,53,0,32,23868.264150943396
101.119.18.35,33,1,33,71442.42424242424
101.199.108.50,3,0,3,14608.0
101.226.168.196,1,0,1,12292.0
101.226.168.198,1,1,1,7861.0
101.226.33.222,2,0,2,9600.5
103.245.44.13,2,0,2,26871.5
103.247.192.5,1,0,1,175208.0
103.25.13.22,1,0,1,65748.0
103.9.43.132,1,0,1,175208.0
105.224.234.235,1,0,1,3638.0
105.235.130.196,6,0,6,27140.5
105.235.218.242,6,0,6,13380.5
106.187.34.32,8,0,8,16341.75
106.187.98.170,1,0,1,36159.0
106.36.113.138,1,0,1,321631.0
106.51.144.106,10,0,9,20659.8
106.51.250.126,6,0,6,13380.5
106.66.30.77,1,0,1,65748.0
106.78.19.160,18,0,17,3871.0
106.79.29.147,6,0,6,14089.0
107.170.40.197,3,0,1,32352.0
107.170.40.198,4,0,1,32352.0
107.170.40.199,6,0,1,32352.0
107.170.40.200,3,0,1,32352.0
107.170.40.201,4,0,1,32352.0
107.170.40.203,4,0,1,32352.0
107.170.40.204,7,0,1,32352.0
107.170.40.205,4,0,1,32352.0
107.170.41.69,10,0,1,32352.0
107.170.9.55,5,0,1,32352.0
107.203.4.32,6,0,6,13380.5
107.22.42.225,1,0,1,3638.0
108.15.20.23,6,0,6,13380.5
108.170.215.93,4,0,4,12492.5
108.171.116.194,65,0,10,10532.984615384616
108.174.55.234,23,0,1,29941.0
108.178.13.202,2,0,1,9482.0
108.178.4.100,2,0,1,18729.0
108.178.45.172,1,0,1,54683.0
108.184.124.170,2,0,2,31008.0
108.231.135.74,5,0,5,15533.0
108.28.155.98,6,0,6,14473.166666666666
108.29.33.122,6,0,6,14473.166666666666
108.32.74.68,14,0,12,9594.42857142857
108.61.140.67,1,0,1,65748.0
108.71.169.76,1,0,1,175208.0
108.77.164.97,1,0,1,175208.0
108.91.82.251,7,0,6,11800.57142857143
109.109.46.88,1,0,1,65748.0
109.163.234.10,1,0,1,13358.0
109.163.234.2,1,0,1,16543.0
109.167.131.110,7,0,6,12352.714285714286
109.189.132.223,6,0,6,13380.5
109.190.148.218,6,0,6,12884.5
109.195.177.171,6,0,6,13380.5
109.231.204.82,6,0,6,13380.5
109.74.151.149,8,1,8,16337.875
109.74.154.79,7,0,6,12925.285714285714
109.87.146.211,1,0,1,20572.0
109.9.166.16,1,0,1,65748.0
110.136.166.128,6,0,6,13380.5
110.143.13.225,2,0,1,175208.0
110.159.23.90,8,0,7,22563.375
110.170.125.5,7,0,6,12384.857142857143
110.174.108.127,1,0,1,47731.0
110.184.146.254,9,0,7,10363.555555555555
111.117.160.16,1,0,1,66717.0
111.199.235.239,37,2,33,129601.5945945946
111.240.183.248,7,0,7,20673.428571428572
111.69.99.101,1,0,1,175208.0
111.93.41.206,1,0,1,65748.0
112.110.247.227,1,0,1,6146.0
112.110.247.233,1,0,1,32742.0
112.110.247.236,1,0,1,52315.0
112.110.247.244,2,0,2,33381.5
112.110.247.250,1,0,1,4877.0
112.133.195.22,1,0,1,65748.0
112.202.18.45,6,0,6,14189.666666666666
112.208.14.199,1,0,1,65748.0
112.216.234.90,3,0,3,182075.33333333334
113.189.161.125,1,0,1,65748.0
113.212.68.167,2,0,2,18848.0
113.212.70.121,3,0,3,20789.666666666668
113.252.200.224,2,0,2,26875.0
114.141.164.18,7,0,7,18627.85714285714
114.250.134.175,1,0,1,37269.0
114.69.226.80,6,0,6,14473.166666666666
115.112.233.75,39,1,38,62524.153846153844
115.112.80.98,6,0,6,14473.166666666666
115.114.17.146,6,0,6,14189.666666666666
115.245.219.74,1,0,1,65748.0
115.77.7.145,7,0,6,15098.142857142857
116.125.143.84,1,0,1,341.0
116.199.211.249,1,0,1,175208.0
116.203.238.137,6,0,6,14189.666666666666
116.212.243.74,1,0,1,175208.0
116.50.181.5,6,0,6,13537.333333333334
116.75.148.149,7,0,7,16348.285714285714
117.172.98.228,2,0,2,31008.0
117.192.147.163,1,0,1,15796.0
117.195.177.223,6,0,6,14189.666666666666
117.211.161.185,2,0,2,26875.0
117.227.171.181,6,0,6,13380.5
117.244.105.81,1,0,1,65748.0
117.28.234.67,7,0,7,9887215.57142857
117.78.13.17,1,0,1,37932.0
118.126.5.149,2,0,2,27237.5
118.148.175.45,1,0,1,175208.0
118.169.39.21,7,0,6,12900.714285714286
118.186.69.62,2,0,2,27237.5
118.72.253.84,6,0,6,13380.5
118.82.184.54,1,0,1,175208.0
118.92.253.144,1,0,1,175208.0
118.96.89.249,1,0,1,175208.0
118.97.174.156,7,0,6,15351.57142857143
119.147.146.189,3,0,3,17049.666666666668
119.224.20.139,1,0,1,175208.0
119.36.179.179,7,0,7,20673.428571428572
119.6.7.18,6,0,6,14189.666666666666
119.63.193.130,1,0,1,36824.0
119.63.196.16,1,0,1,36824.0
119.63.196.17,1,0,1,37932.0
12.110.81.190,7,0,7,11517.42857142857
12.43.40.25,3,0,3,9390.0
120.136.4.243,1,0,1,175208.0
120.43.27.41,1,0,1,12292.0
120.59.2.54,6,0,6,14473.166666666666
121.107.188.202,1,0,1,171717.0
121.162.188.120,1,0,1,90256.0
121.189.37.60,5,0,5,20457.0
121.209.208.128,6,0,6,14189.666666666666
121.244.49.42,1,0,1,15796.0
121.54.41.121,1,0,1,175208.0
121.99.121.185,1,0,1,175208.0
121.99.148.41,1,0,1,175208.0
122.107.211.222,2,0,2,26875.0
122.146.177.66,7,0,6,13225.0
122.166.142.108,34,2,33,69351.88235294117
122.167.215.241,4,0,4,8723.0
122.248.149.254,2,0,2,89423.0
122.56.232.122,1,0,1,175208.0
122.57.207.174,1,0,1,175208.0
122.58.125.143,1,0,1,175208.0
122.60.77.197,2,0,1,175208.0
123.125.71.114,1,0,1,37932.0
123.125.71.116,1,0,1,36824.0
123.125.71.117,1,0,1,36824.0
123.125.71.35,1,0,1,40693.0
123.125.71.41,1,0,1,156350.0
123.125.71.56,1,0,1,695.0
123.125.71.72,1,0,1,36824.0
123.125.71.82,1,0,1,36824.0
123.125.71.97,2,0,1,37378.0
123.63.97.14,1,0,1,65748.0
124.124.1.57,1,0,1,3638.0
124.197.25.116,1,0,1,175208.0
124.35.244.2,1,0,1,3638.0
125.122.211.40,6,0,6,14473.166666666666
125.199.63.98,6,0,6,14189.666666666666
125.237.203.218,1,0,1,175208.0
125.239.81.249,1,0,1,175208.0
125.239.92.211,1,0,1,175208.0
128.118.108.67,32,0,1,3638.0
128.141.154.221,1,0,1,203023.0
128.147.28.1,7,0,7,18002.0
128.179.155.97,6,0,4,8607.666666666666
128.2.142.104,2,0,2,7343.5
128.214.173.46,8,0,7,19850.75
128.61.85.15,7,0,7,12758.42857142857
128.61.92.96,7,0,7,18627.85714285714
129.10.115.241,1,0,1,37932.0
129.10.115.56,1,0,1,37932.0
129.121.176.228,1,1,1,289.0
129.184.84.11,4,0,4,18026.25
129.184.84.12,1,0,1,1015.0
129.184.84.13,1,0,1,6146.0
129.27.3.93,2,0,2,15638.5
129.70.212.93,7,0,7,18627.85714285714
130.117.119.79,1,0,1,9316.0
130.117.119.80,3,0,1,9316.0
130.126.255.121,6,0,6,13380.5
130.126.255.52,2,0,2,10802.5
130.185.72.6,1,1,1,299.0
130.193.173.90,1,0,1,65748.0
130.226.230.7,7,0,6,13225.0
130.227.120.134,2,0,2,26875.0
130.229.158.194,6,0,6,14473.166666666666
130.237.218.86,293,4,208,149899.75767918088
130.239.41.58,6,0,6,13048.666666666666
130.243.172.179,9,0,9,10532.666666666666
130.88.99.231,1,0,1,36159.0
131.107.160.94,1,1,1,301.0
131.114.11.55,2,0,1,3638.0
131.191.91.87,1,0,1,175208.0
131.253.24.107,1,0,1,65748.0
131.253.24.32,3,0,3,5722.333333333333
131.253.24.47,1,0,1,50112.0
131.253.24.76,3,0,3,6092.0
132.229.223.2,7,0,7,20673.428571428572
132.252.139.85,10,0,10,2841.1
134.158.231.20,27,0,27,51610.851851851854
134.192.71.41,6,0,6,17653.833333333332
134.58.253.57,6,0,6,13380.5
134.76.249.10,8,0,7,11614.25
134.99.112.2,1,0,1,18848.0
138.96.204.237,7,0,7,18627.85714285714
139.184.30.132,9,0,8,15891.777777777777
14.1.42.114,1,0,1,175208.0
14.140.163.52,33,1,33,71442.42424242424
14.141.56.98,11,0,9,13988.90909090909
14.160.65.22,50,1,45,51559.88
14.18.25.243,6,0,6,13964.5
14.203.126.78,3,0,1,3638.0
14.207.105.216,2,0,2,26875.0
141.0.10.123,1,0,1,3638.0
141.142.223.45,6,0,6,13380.5
141.89.226.149,3,0,1,12700.0
141.92.18.62,2,0,2,2946.0
141.92.19.36,1,0,1,17147.0
142.197.51.102,1,0,1,175208.0
143.233.204.28,9,0,1,17147.0
144.76.137.226,1,0,1,783.0
144.76.194.187,41,2,41,6396.756097560976
144.76.95.39,20,14,15,9072.5
146.1.1.2,15,0,13,15867.733333333334
147.142.186.54,6,0,6,17653.833333333332
147.210.12.12,1,0,1,80663.0
148.241.190.81,1,0,1,65748.0
15.211.201.85,4,0,4,18081.75
15.219.153.83,3,0,3,7071.666666666667
150.101.171.78,6,0,6,13221.5
150.101.192.144,10,0,10,10765.4
150.101.221.21,1,0,1,175208.0
150.162.56.185,23,0,14,15075.521739130434
151.225.218.180,1,0,1,175208.0
151.225.221.231,7,0,7,12293.285714285714
151.235.176.219,2,0,1,65748.0
151.250.94.199,1,0,1,321631.0
152.118.148.226,1,0,1,65748.0
152.16.50.192,1,0,1,30438.0
152.23.4.70,2,0,2,26875.0
153.174.34.38,1,0,1,37932.0
155.140.133.248,6,0,6,13964.5
155.201.35.55,6,0,6,13908.0
155.63.71.11,6,0,6,16267.0
155.69.2.12,1,0,1,12292.0
157.127.239.146,6,0,6,14473.166666666666
157.55.32.106,2,0,1,11013.0
157.55.32.107,1,0,1,8278.0
157.55.32.109,1,0,1,10547.0
157.55.32.142,1,0,1,10289.0
157.55.32.185,1,0,1,2473.0
157.55.32.190,2,0,2,5267.5
157.55.32.84,1,0,1,10301.0
157.55.33.108,1,0,1,6146.0
157.55.33.114,1,0,1,52315.0
157.55.33.15,1,0,1,394.0
157.55.33.17,1,0,1,9239.0
157.55.33.183,1,0,1,6146.0
157.55.33.19,2,0,2,13474.5
157.55.33.44,1,0,1,357.0
157.55.33.49,1,0,1,36673.0
157.55.33.88,2,0,2,11464.5
157.55.34.93,1,1,1,7861.0
157.55.35.114,1,0,1,9571.0
157.55.35.36,2,0,2,24749.5
157.55.35.45,1,0,1,18848.0
157.55.35.80,1,0,1,38725.0
157.56.229.184,1,0,1,19735.0
157.56.229.247,2,0,2,36640.5
157.56.92.141,1,0,1,50112.0
157.56.92.142,1,0,1,10260.0
157.56.92.151,5,0,5,22836.2
157.56.92.158,3,0,3,16725.0
157.56.92.164,1,0,1,6146.0
157.56.93.154,1,0,1,1328.0
157.56.93.40,1,0,1,10068.0
158.102.162.14,1,0,1,65748.0
158.136.112.187,1,0,1,18848.0
159.50.249.148,2,0,2,43180.0
159.50.249.150,4,0,4,3919.0
160.92.7.69,6,0,6,17653.833333333332
161.72.16.78,3,0,1,18848.0
162.210.196.130,1,0,1,37932.0
162.211.96.55,6,0,6,13380.5
162.213.42.132,1,0,1,17147.0
162.44.252.21,6,0,6,14473.166666666666
163.157.254.25,6,0,6,13009.833333333334
165.139.161.160,1,0,1,175208.0
165.145.12.44,2,0,2,26875.0
166.137.8.20,2,0,1,6443283.0
166.147.88.15,5,0,5,20457.0
166.37.114.52,6,0,6,14189.666666666666
166.82.99.140,1,0,1,175208.0
167.220.26.44,1,0,1,10301.0
170.148.69.141,5,0,5,16138.6
172.245.214.208,2,0,2,18848.0
172.251.97.53,1,0,1,65748.0
172.56.28.38,2,0,2,26875.0
172.56.29.98,1,0,1,175208.0
173.0.50.24,2,0,2,27237.5
173.11.136.157,9,0,9,16678.555555555555
173.162.242.85,1,0,1,6443283.0
173.164.44.34,6,0,6,13088.166666666666
173.166.158.222,6,0,6,14473.166666666666
173.176.91.196,1,0,1,3638.0
173.192.238.41,3,0,1,37936.0
173.192.238.44,1,0,1,37936.0
173.192.238.58,3,0,1,37936.0
173.200.233.195,1,0,1,18848.0
173.213.76.77,2,0,2,27237.5
173.213.97.176,2,0,2,17695.5
173.213.99.1,2,0,2,23440.0
173.217.194.185,1,0,1,175208.0
173.231.106.34,13,0,13,15541.615384615385
173.232.105.27,2,0,2,27237.5
173.232.106.129,2,0,1,18729.0
173.236.32.108,2,0,1,18729.0
173.236.32.219,1,1,1,296.0
173.236.34.182,1,0,1,54306753.0
173.236.61.220,2,0,1,18729.0
173.242.120.61,3,0,2,31319.666666666668
173.252.103.7,1,0,1,5242880.0
173.252.110.114,1,0,1,175208.0
173.252.110.115,1,0,1,9000.0
173.252.110.119,2,0,2,266644.0
173.252.73.114,1,0,1,97173.0
173.252.74.112,1,0,1,6146.0
173.252.74.113,1,0,1,10331.0
173.252.74.119,1,0,1,6146.0
173.252.77.116,1,0,1,6146.0
173.252.80.112,1,0,1,175208.0
173.36.196.6,6,0,6,13048.666666666666
173.44.57.180,1,0,1,54683.0
173.55.80.151,2,0,2,26875.0
174.23.200.134,6,0,6,14473.166666666666
174.26.232.198,1,0,1,175208.0
174.26.93.238,6,0,6,14473.166666666666
174.36.228.156,2,0,1,37936.0
174.37.205.76,1,0,1,37936.0
174.51.6.146,6,0,6,14473.166666666666
174.93.161.163,6,0,6,14473.166666666666
175.143.7.57,3,0,3,22850.0
176.10.104.96,2,0,2,27237.5
176.14.63.246,6,0,6,13161.0
176.181.182.132,2,0,2,26875.0
176.195.140.189,1,0,1,65748.0
176.198.189.108,1,0,1,3638.0
176.226.17.33,7,0,7,18002.0
176.31.103.52,12,0,5,14692.833333333334
176.31.39.30,2,0,2,22422.0
176.46.113.39,1,0,1,299660.0
176.58.196.36,1,0,1,65748.0
176.92.75.62,23,5,23,18858.652173913044
177.106.12.201,8,0,8,16341.75
177.132.188.205,6,0,6,14473.166666666666
177.141.70.11,6,0,6,14473.166666666666
177.144.77.89,1,0,1,12292.0
177.229.230.254,1,0,1,3638.0
177.37.188.215,1,0,1,37932.0
177.37.5.6,2,0,2,14192.5
177.6.142.6,6,0,6,12884.5
177.73.254.10,6,0,6,13380.5
178.118.111.33,6,0,6,17653.833333333332
178.137.5.235,1,0,1,20572.0
178.137.95.70,2,0,2,19992.5
178.140.172.164,1,0,1,37932.0
178.15.11.82,6,0,6,12998.666666666666
178.152.18.59,6,0,6,14473.166666666666
178.17.6.226,6,0,6,14189.666666666666
178.172.239.240,1,0,1,15796.0
178.19.99.105,4,0,4,27224.0
178.19.99.39,2,0,1,9482.0
178.191.44.227,2,0,2,26875.0
178.203.37.192,10,0,10,2841.1
178.213.66.2,6,0,6,12927.0
178.213.67.2,1,0,1,2501.0
178.216.54.152,2,0,2,23440.0
178.222.167.128,2,0,2,26875.0
178.24.154.17,1,0,1,47731.0
178.250.45.51,2,0,1,10975.0
178.255.215.71,15,0,13,10499.2
178.255.215.83,19,0,17,9283.0
178.32.216.134,4,0,2,15638.5
178.32.31.15,2,0,2,19660.5
178.32.51.157,6,0,6,13380.5
178.84.1.162,1,0,1,37932.0
179.179.206.176,6,0,6,13089.166666666666
179.186.211.223,1,0,1,175208.0
180.153.206.27,2,0,2,6822.5
180.153.236.122,1,0,1,16543.0
180.153.236.175,1,0,1,18848.0
180.166.130.86,6,0,6,13380.5
180.169.2.99,1,0,1,37932.0
180.180.100.65,2,0,2,27237.5
180.180.119.57,2,0,2,23440.0
180.180.78.19,2,0,2,27237.5
180.180.97.143,2,0,2,29361.0
180.183.207.146,2,0,2,29361.0
180.211.193.6,1,0,1,65748.0
180.211.69.209,1,0,1,47731.0
180.222.70.88,1,0,1,175208.0
180.235.148.243,1,0,1,65748.0
180.245.66.177,2,0,2,26875.0
180.76.5.116,1,0,1,10181.0
180.76.5.118,2,0,2,9324.5
180.76.5.143,1,0,1,18848.0
180.76.5.144,1,0,1,9832.0
180.76.5.145,1,0,1,1387.0
180.76.5.147,1,0,1,8772.0
180.76.5.149,1,0,1,10521.0
180.76.5.152,1,0,1,1127.0
180.76.5.167,1,0,1,9131.0
180.76.5.172,1,0,1,9734.0
180.76.5.173,2,0,2,26506.0
180.76.5.187,1,0,1,19735.0
180.76.5.190,1,0,1,941.0
180.76.5.194,1,0,1,9258.0
180.76.5.196,1,0,1,8604.0
180.76.5.20,1,0,1,14352.0
180.76.5.204,1,0,1,29960.0
180.76.5.213,1,0,1,8765.0
180.76.5.214,1,0,1,33623.0
180.76.5.22,2,0,2,13952.0
180.76.5.26,1,0,1,33792.0
180.76.5.27,1,0,1,3179.0
180.76.5.39,1,0,1,21894.0
180.76.5.61,1,0,1,12456.0
180.76.5.74,1,0,1,9832.0
180.76.5.77,1,0,1,964.0
180.76.5.81,1,0,1,9528.0
180.76.5.98,1,0,1,37932.0
180.76.6.134,2,0,2,10545.0
180.76.6.137,1,0,1,4089.0
180.76.6.14,1,0,1,14326.0
180.76.6.141,1,0,1,9872.0
180.76.6.142,1,0,1,335.0
180.76.6.144,1,0,1,975.0
180.76.6.146,1,0,1,2420.0
180.76.6.147,1,0,1,16543.0
180.76.6.150,1,0,1,12571.0
180.76.6.153,1,0,1,3179.0
180.76.6.156,2,0,2,9137.0
180.76.6.17,1,0,1,47646.0
180.76.6.213,1,0,1,10006.0
180.76.6.232,1,0,1,10489.0
180.76.6.233,2,0,2,16927.5
180.76.6.28,2,0,2,35094.5
180.76.6.43,2,0,2,23415.5
180.76.6.46,1,0,1,10475.0
180.76.6.48,1,0,1,10638.0
180.76.6.49,1,0,1,21894.0
180.76.6.51,1,0,1,10538.0
180.76.6.52,2,0,2,5000.5
180.76.6.53,1,0,1,9239.0
180.76.6.54,1,0,1,9223.0
180.76.6.57,1,0,1,10730.0
180.76.6.63,1,0,1,8985.0
180.76.6.65,1,0,1,6178.0
181.141.250.44,1,0,1,65748.0
181.160.193.212,6,0,6,14089.0
182.118.20.213,1,0,1,20572.0
182.253.23.3,6,0,5,17008.166666666668
182.253.38.89,2,0,2,23440.0
182.253.73.51,2,0,2,31008.0
182.253.73.95,2,0,2,27158226.0
182.64.207.187,2,0,2,26875.0
182.68.184.78,2,0,2,26875.0
182.72.242.3,1,0,1,3638.0
183.179.22.186,41,0,34,11504.439024390244
183.221.90.177,6,0,6,13380.5
183.37.131.40,7,0,7,14588.142857142857
183.60.214.19,1,0,1,37932.0
183.60.215.50,1,0,1,338.0
183.60.243.242,1,0,1,37932.0
183.60.244.20,1,0,1,37932.0
183.60.244.24,1,0,1,37932.0
183.63.83.14,1,0,1,47731.0
183.82.101.58,1,0,1,40923996.0
183.83.4.248,1,0,1,3638.0
183.87.253.120,6,0,6,14189.666666666666
183.91.14.219,1,1,1,289.0
184.148.132.111,1,0,1,175208.0
184.151.222.45,1,0,1,65748.0
184.153.164.52,6,0,6,13380.5
184.154.100.130,2,0,2,27237.5
184.154.137.213,1,1,1,296.0
184.154.149.126,2,0,1,54306753.0
184.154.15.210,2,0,2,23440.0
184.154.153.210,2,0,2,23440.0
184.154.170.122,2,0,2,29361.0
184.154.88.108,2,0,2,27237.5
184.162.26.147,8,0,6,10604.75
184.169.185.164,1,0,1,32352.0
184.169.233.10,1,0,1,14872.0
184.185.208.221,2,0,1,37932.0
184.22.115.74,2,0,2,19660.5
184.60.23.120,6,0,6,14473.166666666666
184.66.149.103,37,0,37,124255.1081081081
185.2.138.125,7,0,6,11988.714285714286
185.26.239.20,2,0,1,53270.0
185.37.161.34,1,0,1,65748.0
185.38.249.133,2,1,2,19116.0
185.38.249.96,2,0,2,27158226.0
185.4.253.67,20,0,20,17377.65
185.5.152.85,1,0,1,65748.0
185.5.156.107,1,0,1,65748.0
186.202.153.56,1,0,1,65748.0
186.22.52.72,6,0,6,12927.0
186.231.123.210,13,0,7,17563.846153846152
186.44.199.211,1,0,1,65748.0
186.9.133.54,1,0,1,203023.0
186.93.16.149,1,0,1,13316.0
186.93.30.106,1,0,1,13316.0
187.16.77.116,1,0,1,3638.0
187.210.142.8,1,0,1,65748.0
187.211.57.202,1,0,1,65748.0
187.214.29.27,1,0,1,65748.0
187.45.193.158,8,0,6,740370.875
187.60.96.7,2,0,2,23440.0
188.122.8.79,13,0,12,11149.615384615385
188.159.245.205,1,0,1,65748.0
188.165.243.45,3,3,3,291.6666666666667
188.165.58.197,1,0,1,37932.0
188.176.12.4,2,0,2,26875.0
188.178.214.179,2,0,2,6000.5
188.192.27.241,8,0,7,17835.875
188.205.61.177,6,0,6,13380.5
188.207.200.116,1,0,1,37936.0
188.236.57.27,1,0,1,65748.0
188.238.146.131,1,0,1,175208.0
188.240.136.240,2,0,1,53270.0
188.250.157.192,6,0,6,13380.5
188.252.129.118,1,0,1,47731.0
188.253.16.227,1,0,1,65748.0
188.35.22.24,4,0,1,39692.0
188.40.60.225,1,0,1,37932.0
188.65.166.78,1,0,1,321631.0
188.80.229.128,6,0,6,14473.166666666666
188.9.138.189,8,0,8,16341.75
189.11.65.66,6,0,6,13473.666666666666
189.127.128.209,1,0,1,171717.0
189.148.62.33,1,0,1,65748.0
189.170.95.135,7,0,6,11988.714285714286
189.214.42.128,6,0,6,14473.166666666666
189.221.118.68,1,0,1,65748.0
189.60.115.148,1,0,1,22218.0
189.71.37.115,6,0,6,13380.5
190.1.111.247,1,0,1,3638.0
190.107.140.178,1,0,1,65748.0
190.131.202.114,1,0,1,175208.0
190.153.25.242,8,0,8,13766813.125
190.181.197.43,1,0,1,65748.0
190.198.191.75,6,0,6,14473.166666666666
190.239.74.15,1,0,1,65748.0
190.250.238.82,1,1,1,291.0
190.73.45.219,2,0,2,26875.0
190.82.255.69,6,0,6,13013.333333333334
192.118.118.1,13,0,6,2748.6153846153848
192.118.78.198,1,0,1,1168622.0
192.185.81.134,1,1,1,7861.0
192.185.83.181,1,1,1,289.0
192.187.119.210,2,0,2,23440.0
192.227.137.164,2,0,2,27158226.0
192.254.138.148,1,0,1,149691.0
192.3.183.199,2,0,1,53270.0
192.3.22.170,2,0,2,23440.0
192.44.32.8,8,0,7,18544.0
192.95.12.193,4,0,4,13594452.0
192.99.12.169,2,0,2,31008.0
193.104.184.225,7,0,7,5848826.857142857
193.105.0.2,1,0,1,47731.0
193.146.92.166,6,0,6,14473.166666666666
193.148.35.14,1,0,1,10068.0
193.167.195.60,6,0,6,12884.5
193.173.113.126,1,0,1,3638.0
193.179.215.103,2,0,2,26875.0
193.185.55.253,6,0,6,13161.0
193.225.194.254,6,0,6,2965.3333333333335
193.238.231.119,6,0,5,677252.8333333334
193.24.88.211,7,0,6,15098.142857142857
193.244.33.47,35,2,34,67415.6
193.252.118.167,1,0,1,9607.0
193.252.118.175,1,0,1,2056.0
193.252.149.15,1,0,1,19483.0
193.252.149.222,6,0,6,14189.666666666666
193.30.41.222,6,0,6,14189.666666666666
193.33.2.113,8,0,7,18075.0
193.40.6.84,6,0,6,14089.0
193.50.193.83,8,0,8,11263.0
193.58.82.178,3,0,3,10367.0
193.61.104.6,2,0,2,26875.0
193.65.112.2,1,0,1,175208.0
193.77.124.16,6,0,6,13380.5
193.77.158.208,6,0,6,14473.166666666666
193.83.204.66,8,0,7,10462.625
194.105.145.147,6,0,6,12965.833333333334
194.126.102.178,12,0,11,4105.083333333333
194.14.211.19,6,0,6,13221.5
194.146.132.138,6,0,6,12927.0
194.149.247.24,7,0,7,16833.14285714286
194.150.156.142,1,0,1,3638.0
194.153.130.2,1,0,1,47731.0
194.171.252.104,6,0,6,13380.5
194.186.207.105,33,1,33,71442.42424242424
194.249.247.164,7,0,6,15098.142857142857
194.250.79.71,7,0,6,12955.857142857143
194.254.139.66,2,0,2,26875.0
194.29.137.5,14,0,13,17392.785714285714
194.45.150.17,6,0,6,14089.0
194.94.204.181,2,0,2,26875.0
195.14.103.53,7,0,7,18627.85714285714
195.14.72.29,7,0,7,18627.85714285714
195.160.233.249,5,0,5,15329.0
195.176.110.194,1,0,1,34213.0
195.176.191.93,6,0,6,13380.5
195.194.187.106,7,0,6,13304.714285714286
195.211.162.22,2,1,2,19153.5
195.228.139.91,7,0,7,18627.85714285714
195.242.218.133,3,0,1,17147.0
195.250.34.144,3,3,3,291.6666666666667
195.250.51.10,6,0,6,14189.666666666666
195.250.62.9,1,0,1,3638.0
195.27.15.134,1,0,1,3638.0
195.37.190.67,1,0,1,10975.0
195.38.23.137,2,0,2,26875.0
195.44.196.178,6,0,6,14189.666666666666
195.56.119.209,6,0,6,14473.166666666666
196.14.132.154,6,0,6,14189.666666666666
196.196.16.139,1,0,1,10538.0
197.153.69.109,1,0,1,65748.0
197.187.26.144,1,0,1,65748.0
197.206.232.180,1,0,1,65748.0
197.235.139.144,1,0,1,65748.0
197.237.89.221,1,0,1,175208.0
197.36.142.40,6,0,6,14089.0
198.143.144.61,1,0,1,54306753.0
198.143.145.210,1,1,1,296.0
198.143.155.251,2,0,1,9482.0
198.143.156.2,2,0,1,53270.0
198.148.112.117,6,0,3,37330.666666666664
198.167.137.156,2,0,2,31008.0
198.167.137.193,2,0,2,30678.0
198.20.79.140,2,0,1,18729.0
198.208.159.20,1,0,1,35554730.0
198.228.201.147,3,0,1,16543.0
198.228.201.171,5,0,5,20457.0
198.245.61.43,3,3,3,291.6666666666667
198.27.64.9,4,0,3,13588477.5
198.46.149.143,82,0,2,10036.0
198.50.175.174,1,0,1,18729.0
198.50.227.136,2,0,1,9482.0
198.55.109.202,2,0,2,29361.0
199.102.67.16,1,1,1,7861.0
199.116.117.212,1,1,1,289.0
199.119.124.43,2,0,2,20787.0
199.119.124.45,1,0,1,32352.0
199.15.233.137,1,0,1,37936.0
199.15.233.140,1,0,1,50112.0
199.16.156.124,5,0,1,4378624.0
199.16.156.125,5,0,1,4378624.0
199.16.156.126,2,0,1,4378624.0
199.168.96.66,41,2,41,6396.756097560976
199.189.248.95,1,1,1,289.0
199.204.56.18,6,0,6,14189.666666666666
199.247.189.63,6,0,6,14089.0
199.30.20.11,1,0,1,9822.0
199.30.20.161,1,0,1,10613.0
199.30.20.30,1,0,1,10613.0
199.30.20.6,2,0,1,47731.0
199.30.20.64,1,0,1,11628.0
199.30.20.65,1,0,1,10475.0
199.30.20.7,1,0,1,9419.0
199.30.20.8,1,0,1,9419.0
199.30.22.61,1,0,1,65748.0
199.30.24.78,1,0,1,52315.0
199.30.25.233,1,0,1,4877.0
199.47.180.6,2,0,2,586130.0
199.47.81.13,1,0,1,37941.0
199.59.148.209,1,0,1,37269.0
199.59.148.211,1,0,1,4378624.0
199.74.99.157,1,0,1,80663.0
2.137.32.153,6,0,6,12884.5
2.179.147.248,1,0,1,65748.0
2.241.35.167,32,0,32,10347.9375
2.38.110.208,1,0,1,65748.0
2.51.241.128,2,0,1,3638.0
2.85.194.19,1,0,1,3638.0
200.10.161.5,4,0,2,26875.0
200.123.214.163,1,0,1,65748.0
200.141.109.74,1,0,1,37932.0
200.28.244.131,1,0,1,65748.0
200.31.173.106,33,1,33,71442.42424242424
200.49.190.100,1,0,1,44019.0
200.49.190.101,3,0,3,4012.6666666666665
200.50.183.132,1,0,1,175208.0
200.68.86.233,6,0,6,14473.166666666666
200.85.183.174,6,0,6,12927.0
200.89.129.197,2,0,2,3069.5
201.124.21.149,6,0,6,13380.5
201.141.65.112,1,0,1,299660.0
201.216.154.220,1,0,1,65748.0
201.22.249.225,3,0,3,2301.0
201.242.142.135,1,0,1,13316.0
201.244.101.132,1,0,1,65748.0
201.26.152.202,18,0,18,14890.055555555555
201.74.200.85,1,0,1,90256.0
201.76.90.77,6,0,6,14473.166666666666
202.101.244.118,2,0,2,23440.0
202.134.13.137,1,0,1,65748.0
202.156.10.11,2,0,2,29230.5
202.156.10.254,3,0,3,7679.666666666667
202.232.30.232,2,0,2,6223.0
202.46.62.20,1,0,1,36824.0
202.59.2.2,7,0,7,14588.142857142857
202.65.130.3,1,0,1,1693678.0
202.65.36.249,1,0,1,175208.0
202.68.209.129,6,0,6,12884.333333333334
202.7.107.76,1,0,1,40923996.0
202.76.247.11,1,0,1,24747.0
202.86.115.186,7,0,7,18627.85714285714
203.116.198.120,1,0,1,40923996.0
203.116.59.13,1,0,1,171717.0
203.118.242.184,1,0,1,65748.0
203.122.224.39,6,0,6,6114.5
203.144.5.101,1,0,1,175208.0
203.145.79.41,2,0,2,601417.5
203.173.130.29,1,0,1,175208.0
203.173.241.145,5,0,1,175208.0
203.206.205.64,6,0,6,13161.166666666666
203.211.107.162,1,0,1,175208.0
203.219.136.224,7,0,6,12510.57142857143
203.219.2.2,6,0,6,13964.5
203.41.198.36,6,0,6,14189.666666666666
203.81.69.86,1,0,1,65748.0
203.82.66.233,1,0,1,75275.0
203.84.135.120,6,0,6,13964.5
203.99.205.107,34,0,34,132742.9705882353
203.99.206.243,1,0,1,3638.0
204.15.164.228,1,0,1,5052.0
204.19.246.36,1,0,1,175208.0
204.236.153.140,1,0,1,29941.0
204.236.162.60,1,0,1,32352.0
204.236.190.162,1,0,1,14872.0
204.236.226.210,2,0,2,8443.5
204.244.74.22,2,2,1,400.0
204.62.56.3,34,2,33,69351.88235294117
204.93.54.167,2,0,2,31008.0
204.93.54.173,2,0,2,31008.0
204.93.54.176,2,0,2,23440.0
204.93.54.177,2,0,2,31008.0
204.93.54.178,4,0,2,31008.0
204.93.54.238,2,0,2,23440.0
206.161.220.42,1,0,1,171717.0
206.47.94.142,7,0,7,18627.85714285714
207.158.15.119,1,0,1,3638.0
207.241.237.101,16,0,16,12733.5
207.241.237.102,13,0,13,16073.615384615385
207.241.237.103,11,0,11,14106.09090909091
207.241.237.104,12,1,12,8746.416666666666
207.241.237.220,18,1,18,14527.555555555555
207.241.237.221,9,0,9,13077.222222222223
207.241.237.223,21,0,21,13417.666666666666
207.241.237.224,11,0,11,10554.0
207.241.237.225,13,0,13,12467.307692307691
207.241.237.226,11,0,11,11713.0
207.241.237.227,17,0,17,15021.058823529413
207.241.237.228,16,0,16,14370.75
207.255.245.133,6,0,6,13380.5
207.45.249.135,5,0,5,16300.0
208.115.111.72,73,0,73,11989.808219178081
208.115.113.88,66,3,65,8366.80303030303
208.43.243.244,7,0,7,16844.428571428572
208.43.251.180,9,0,9,13845.444444444445
208.43.251.181,29,1,27,14420.206896551725
208.43.252.200,40,0,37,14388.525
208.43.255.27,6,0,5,13213.833333333334
208.43.255.28,5,0,5,12924.4
208.43.255.31,1,0,1,12292.0
208.50.255.30,2,1,2,10049.5
208.54.40.237,6,0,6,12965.833333333334
208.71.68.122,1,0,1,3638.0
208.88.254.164,1,0,1,175208.0
208.91.156.11,60,60,1,324.0
208.93.0.48,19,0,2,31209.947368421053
209.118.149.82,6,0,6,14189.666666666666
209.141.128.208,7,0,7,12683.57142857143
209.148.84.30,1,0,1,54683.0
209.17.114.78,40,0,23,76842.65
209.85.238.199,102,0,5,25160.382352941175
210.13.83.18,40,1,39,61515.975
210.19.254.116,1,0,1,3638.0
210.246.47.78,1,0,1,175208.0
210.71.251.31,6,0,6,13964.5
211.125.92.233,1,0,1,37932.0
211.150.124.10,1,0,1,47731.0
211.25.11.99,3,0,3,19402.333333333332
211.9.44.193,6,0,6,12927.0
212.107.116.234,1,0,1,44019.0
212.159.68.200,6,0,6,14089.0
212.180.233.101,6,0,6,14473.166666666666
212.197.170.45,2,0,1,3638.0
212.201.44.247,2,0,2,26875.0
212.227.66.11,1,0,1,50112.0
212.234.218.51,1,0,1,47731.0
212.242.185.85,6,0,6,13380.5
212.33.34.196,7,0,7,18627.85714285714
212.39.97.114,8,0,7,17835.875
212.51.173.12,27,0,27,51610.851851851854
212.84.56.58,7,0,7,18627.85714285714
212.90.148.107,2,2,2,295.5
213.10.136.118,7,0,7,11517.42857142857
213.112.247.129,1,0,1,394967.0
213.112.253.123,6,0,6,13009.833333333334
213.124.13.242,2,0,2,26875.0
213.133.224.50,1,0,1,65748.0
213.150.233.62,6,0,6,12795.333333333334
213.160.109.10,7,0,7,11517.42857142857
213.160.130.242,1,0,1,3638.0
213.17.226.11,6,0,6,13161.0
213.174.192.220,6,0,6,12884.333333333334
213.180.27.58,1,0,1,2269.0
213.181.52.10,6,0,6,13211.0
213.193.72.155,6,0,6,13380.5
213.21.42.46,6,0,6,14473.166666666666
213.252.7.178,6,0,5,14483.833333333334
213.52.196.70,2,0,2,14192.5
213.61.156.100,7,0,7,20673.428571428572
213.87.123.186,1,0,1,65748.0
213.95.18.125,2,0,2,14192.5
216.107.155.114,1,0,1,11275.0
216.109.99.4,7,0,6,13225.0
216.14.198.50,8,0,8,19646.75
216.14.208.102,1,1,1,289.0
216.143.11.118,7,0,7,18002.0
216.150.76.218,1,1,1,7861.0
216.151.137.35,2,0,2,5977.5
216.151.154.100,2,0,2,29361.0
216.152.243.146,2,0,2,29558.0
216.152.243.152,2,0,2,27158226.0
216.152.249.242,25,0,25,1952298.2
216.16.195.52,2,0,2,9603.0
216.172.140.128,2,0,1,53238.0
216.56.20.98,1,0,1,175208.0
217.116.157.26,1,0,1,12292.0
217.119.24.14,2,0,2,26875.0
217.12.185.5,25,0,7,12755.72
217.12.215.94,1,0,1,54662.0
217.140.110.23,6,0,6,14473.166666666666
217.17.193.66,7,0,7,13046.142857142857
217.172.190.158,2,0,2,29361.0
217.174.111.254,5,0,5,15065.6
217.195.202.13,23,0,23,2122793.5217391304
217.212.224.181,4,0,4,16751.5
217.26.210.20,1,1,1,299.0
217.69.133.234,1,0,1,18586.0
217.69.133.236,1,0,1,18848.0
217.69.133.237,1,0,1,10087.0
217.69.133.238,3,0,3,11407.666666666666
217.69.133.239,1,0,1,10087.0
217.69.133.70,1,0,1,10087.0
217.71.46.55,1,0,1,151917.0
217.91.18.234,6,0,6,14089.0
218.188.93.140,6,0,6,13964.5
218.240.60.244,2,0,2,848658.0
218.28.225.87,1,0,1,3638.0
218.30.103.114,2,0,2,13422.0
218.30.103.62,13,0,12,16301.23076923077
219.137.88.123,1,0,1,12292.0
219.64.34.68,33,2,33,70109.15151515152
220.181.108.149,1,0,1,36824.0
220.181.108.150,1,0,1,36824.0
220.181.108.153,1,0,1,36824.0
220.181.108.162,1,0,1,36824.0
220.181.108.171,1,0,1,36824.0
220.181.108.178,1,0,1,36824.0
220.181.108.18,1,0,1,48437287.0
220.181.108.185,1,0,1,37932.0
220.181.127.18,1,0,1,37932.0
220.181.51.37,1,0,1,40923996.0
220.209.87.113,6,0,6,13380.5
220.241.45.142,1,0,1,9661.0
220.244.10.116,6,0,6,13380.5
220.245.217.154,6,0,6,13380.5
222.14.252.108,26,0,26,53455.96153846154
222.77.201.107,4,0,3,25338.75
223.225.206.164,1,0,1,65748.0
223.67.143.84,1,0,1,3638.0
223.72.228.186,1,0,1,53270.0
223.81.196.65,1,0,1,65748.0
23.105.131.185,2,0,1,18586.0
23.105.131.2,1,0,1,18586.0
23.105.131.207,1,0,1,18586.0
23.105.131.247,1,0,1,18586.0
23.105.131.64,1,0,1,18586.0
23.105.131.70,1,0,1,18586.0
23.20.83.155,2,1,2,1969.0
23.21.22.111,1,0,1,53270.0
23.229.67.14,4,0,3,38355.0
23.231.5.40,1,0,1,11468.0
23.24.200.86,1,0,1,3638.0
23.30.147.145,28,0,28,51472.28571428572
23.92.61.96,2,0,2,23440.0
23.94.36.245,2,0,2,27158226.0
24.0.194.37,32,0,32,124602.59375
24.11.96.184,38,0,37,11397.763157894737
24.111.34.227,1,0,1,18848.0
24.114.40.26,1,0,1,175208.0
24.115.69.95,5,0,5,16640.2
24.130.53.65,6,0,6,13380.5
24.147.91.100,6,0,6,14473.166666666666
24.151.226.65,2,0,1,9482.0
24.183.21.30,1,0,1,6443283.0
24.190.3.5,1,0,1,175208.0
24.196.39.217,2,0,2,26875.0
24.21.55.63,6,0,6,12998.666666666666
24.210.169.33,1,0,1,175208.0
24.233.162.179,1,0,1,3638.0
24.236.252.67,1,0,1,3638.0
24.237.38.218,8,0,7,17835.875
24.5.221.92,5,0,5,16029.8
24.8.92.137,4,0,1,29941.0
24.84.241.107,10,0,10,7196.2
24.97.227.132,5,0,5,16300.0
27.159.203.227,4,0,2,23440.0
27.159.230.187,1,0,1,38555.0
27.251.237.154,7,0,7,18627.85714285714
31.142.223.246,1,0,1,65748.0
31.150.236.68,1,0,1,47731.0
31.208.44.206,9,0,8,13493.333333333334
31.35.64.245,6,0,6,13161.0
31.4.197.143,6,0,6,14089.0
31.41.216.135,1,0,1,66717.0
31.45.226.43,1,0,1,175208.0
31.6.71.243,4,0,2,31008.0
36.250.177.94,1,0,1,15796.0
36.37.235.225,1,0,1,65748.0
36.38.8.174,6,0,6,14189.666666666666
37.11.0.8,13,0,7,16206.0
37.115.112.88,3,0,1,17147.0
37.115.113.172,6,0,1,17147.0
37.115.186.244,2,0,2,21858.5
37.115.190.128,1,0,1,38217.0
37.130.227.133,1,0,1,3638.0
37.137.150.253,1,0,1,65748.0
37.187.101.122,2,0,2,23305.0
37.188.233.114,2,0,2,26875.0
37.194.3.12,5,0,5,15410.6
37.220.7.250,4,0,2,23440.0
37.237.137.58,1,0,1,65748.0
37.241.118.235,1,0,1,65748.0
37.252.127.97,1,0,1,29941.0
37.31.40.234,2,0,2,26875.0
37.59.47.177,1,0,1,3638.0
37.72.189.120,2,0,2,29361.0
37.79.145.225,1,0,1,18848.0
38.99.236.50,33,1,33,71442.42424242424
39.41.133.216,1,0,1,175208.0
41.141.61.166,1,0,1,175208.0
41.189.161.63,1,0,1,65748.0
41.223.160.233,1,0,1,65748.0
41.223.160.234,1,0,1,65748.0
41.248.194.136,1,0,1,65748.0
41.249.219.90,1,0,1,65748.0
41.251.155.27,2,0,2,26875.0
41.74.172.23,6,0,6,14473.166666666666
41.99.29.14,1,0,1,65748.0
42.107.175.146,5,0,5,19419.0
42.156.136.43,1,0,1,18985.0
46.105.14.53,364,0,1,14872.0
46.105.37.142,1,0,1,20572.0
46.109.147.195,2,0,2,19660.5
46.118.116.232,1,0,1,37932.0
46.118.118.101,1,0,1,32742.0
46.118.125.84,3,0,1,17147.0
46.118.126.53,1,0,1,13171.0
46.118.127.106,6,0,4,38053.333333333336
46.118.158.25,1,0,1,7089.0
46.119.114.245,1,0,1,54683.0
46.119.119.29,3,0,1,17147.0
46.119.121.49,2,0,2,24238489.5
46.120.130.221,1,0,1,3638.0
46.161.41.24,3,0,3,25487.333333333332
46.165.197.141,1,0,1,37932.0
46.165.197.151,1,0,1,37932.0
46.166.199.137,1,0,1,12292.0
46.190.80.53,1,0,1,12292.0
46.26.114.245,1,0,1,50112.0
46.28.105.80,1,1,1,299.0
46.29.8.202,2,0,2,26875.0
46.32.254.207,1,0,1,5052.0
46.33.196.184,6,0,6,13380.5
46.4.101.88,6,0,4,25413.666666666668
46.5.254.123,7,0,7,18627.85714285714
46.53.98.24,1,0,1,175208.0
46.65.248.177,6,0,6,17653.833333333332
47.22.128.211,1,0,1,3638.0
49.14.115.120,1,0,1,65748.0
49.204.238.249,14,0,14,14957.857142857143
49.206.120.190,5,0,5,2830.8
49.224.226.115,1,0,1,175208.0
49.50.247.181,1,0,1,175208.0
5.0.46.207,1,0,1,394967.0
5.10.83.105,3,0,3,1578.6666666666667
5.10.83.21,4,0,4,4114.0
5.10.83.23,5,0,5,4343.4
5.10.83.30,1,0,1,36398.0
5.10.83.53,4,0,4,4747.75
5.10.83.65,4,0,4,29929.5
5.10.83.66,1,0,1,11805.0
5.10.83.73,1,0,1,518.0
5.10.83.82,4,0,4,10283.25
5.10.83.91,5,0,5,6700962.8
5.10.83.98,2,0,2,3396.0
5.102.10.173,6,0,6,13380.5
5.102.173.71,1,0,1,12292.0
5.102.48.12,2,0,1,3638.0
5.135.113.131,2,0,2,31008.0
5.135.214.254,2,0,2,27237.5
5.144.176.110,2,0,1,9482.0
5.144.176.206,2,0,2,18848.0
5.153.234.2,2,0,2,23440.0
5.235.199.240,1,0,1,65748.0
5.255.72.168,2,0,2,23440.0
5.255.75.89,2,0,2,31008.0
5.39.15.151,2,0,2,23440.0
5.39.4.211,1,0,1,1693678.0
5.39.50.0,1,0,1,18848.0
5.56.158.218,6,0,6,13380.5
5.63.5.62,1,0,1,65748.0
5.9.143.150,1,1,1,292.0
50.103.242.61,6,0,6,14473.166666666666
50.105.149.90,1,0,1,175208.0
50.131.220.143,7,0,7,14588.142857142857
50.131.51.216,17,0,7,14316.35294117647
50.132.55.62,5,0,5,20457.0
50.139.66.106,52,0,52,266975.17307692306
50.149.129.119,1,0,1,175208.0
50.150.204.184,1,0,1,65748.0
50.152.223.37,2,0,1,47731.0
50.157.244.41,4,0,3,5930.75
50.158.157.89,7,0,7,18627.85714285714
50.16.19.13,113,0,1,14872.0
50.177.153.223,1,0,1,175208.0
50.18.71.222,1,0,1,14872.0
50.180.79.170,2,0,1,3638.0
50.195.216.83,1,0,1,175208.0
50.2.225.180,2,0,2,31008.0
50.2.225.202,1,0,1,54306753.0
50.58.161.66,3,1,3,9560.666666666666
50.59.104.212,6,0,6,14473.166666666666
50.7.50.90,2,0,1,99918.0
50.8.159.176,7,0,6,11988.714285714286
50.87.144.128,1,1,1,292.0
50.90.110.61,1,0,1,3638.0
50.97.97.54,1,0,1,1079983.0
54.196.174.134,1,0,1,11902.0
54.203.120.42,1,0,1,16543.0
54.204.20.249,1,0,1,3638.0
54.204.20.250,1,0,1,17147.0
54.204.217.52,1,0,1,6146.0
54.211.215.107,1,0,1,18586.0
54.215.118.244,1,0,1,29941.0
54.215.29.126,1,0,1,14872.0
54.215.54.10,1,0,1,14872.0
54.215.96.68,1,0,1,14872.0
54.219.117.220,1,0,1,29941.0
54.219.196.51,2,0,2,23612.0
54.219.224.86,1,0,1,32352.0
54.219.246.6,2,0,2,31146.5
54.219.33.174,1,0,1,32352.0
54.219.40.115,1,0,1,29941.0
54.219.60.151,1,0,1,29941.0
54.220.160.83,5,0,2,230012.6
54.221.138.247,1,0,1,16543.0
54.224.92.206,1,0,1,10975.0
54.225.104.196,1,0,1,6146.0
54.225.29.47,1,0,1,29941.0
54.226.176.99,1,0,1,54239.0
54.226.35.19,1,0,1,37932.0
54.234.1.193,1,0,1,3638.0
54.236.213.208,1,0,1,10975.0
54.241.62.89,2,0,2,31146.5
54.242.115.144,1,0,1,54239.0
54.242.155.74,1,0,1,6217.0
54.242.167.99,1,0,1,12292.0
54.242.254.219,2,0,2,19291.5
54.244.142.254,1,0,1,54239.0
54.255.13.204,6,0,6,14089.0
59.124.251.135,6,0,6,14189.666666666666
59.124.42.160,5,0,5,5593.6
59.163.27.11,39,1,38,62599.666666666664
59.167.142.22,1,0,1,10301.0
59.252.170.29,1,0,1,40923996.0
59.90.241.113,3,0,2,19129.333333333332
60.234.195.253,1,0,1,175208.0
60.29.35.14,2,0,2,23440.0
60.53.124.75,1,0,1,175208.0
61.119.116.21,1,0,1,37932.0
61.12.113.192,6,0,6,13221.5
61.135.169.84,6,0,6,13380.5
61.135.190.100,1,0,1,37932.0
61.140.183.41,32,1,32,73561.3125
61.156.217.135,2,0,2,27237.5
61.16.241.98,6,0,6,12927.0
61.174.9.96,1,0,1,38217.0
61.246.186.198,6,0,6,13161.0
62.112.244.2,1,0,1,47731.0
62.12.14.27,6,0,6,14089.0
62.134.44.20,7,0,7,18627.85714285714
62.159.237.82,6,0,6,13380.5
62.159.77.167,6,0,6,12917.5
62.161.94.37,1,0,1,9316.0
62.192.67.154,6,0,6,14473.166666666666
62.210.189.45,1,0,1,37932.0
62.225.70.202,33,1,33,71442.42424242424
62.24.122.25,1,1,1,7861.0
62.245.76.5,2,0,2,26875.0
62.4.19.142,2,0,2,13322.0
62.4.23.48,1,0,1,16543.0
62.44.32.116,6,0,6,14189.666666666666
62.47.98.178,6,0,6,13964.5
62.50.6.113,6,0,6,13299.333333333334
62.77.171.249,7,0,7,18627.85714285714
62.97.194.235,1,0,1,175208.0
63.140.98.80,8,1,6,7753.25
63.141.248.27,1,0,1,18095.0
63.223.125.170,4,0,4,29122.75
63.223.125.175,2,0,2,23440.0
63.249.66.212,1,0,1,13320.0
64.128.17.78,1,0,1,9699.0
64.131.102.243,8,1,6,11650.125
64.134.102.242,6,0,6,13380.5
64.237.35.242,4,0,2,2278.0
64.237.51.169,6,0,6,14189.666666666666
64.80.110.74,6,0,6,13394.333333333334
65.172.240.122,6,0,6,12956.166666666666
65.19.138.33,5,0,4,29237.4
65.19.138.34,3,0,3,22941.666666666668
65.52.104.233,5,0,5,15065.6
65.55.213.73,59,0,59,14571.305084745763
65.55.213.74,28,0,28,11962.285714285714
65.55.213.79,7,0,7,17269.85714285714
65.55.215.237,3,0,3,8292.333333333334
65.55.215.241,3,0,3,5154.333333333333
65.55.215.37,2,0,2,56739.5
65.55.52.111,1,0,1,10049.0
65.55.52.94,1,0,1,15457.0
66.147.242.187,1,0,1,149691.0
66.147.244.126,1,1,1,299.0
66.162.222.50,12,0,6,14189.666666666666
66.168.50.129,1,0,1,37269.0
66.169.220.99,1,0,1,3638.0
66.187.233.202,6,0,6,17653.833333333332
66.211.105.190,6,0,6,14473.166666666666
66.249.73.135,432,8,304,174769.73842592593
66.249.73.185,34,2,28,686400.1764705882
66.249.74.55,1,0,1,8726.0
66.249.80.128,2,0,1,19735.0
66.249.80.24,1,0,1,1693678.0
66.249.81.20,4,0,3,857231.5
66.249.81.91,13,0,11,28247.0
66.249.83.223,2,0,2,20785.0
66.249.83.239,2,0,2,20785.0
66.249.84.55,2,0,2,20785.0
66.249.84.69,1,0,1,175208.0
66.249.85.135,2,0,2,20785.0
66.249.88.135,2,0,2,20785.0
66.249.93.91,2,0,2,20785.0
66.49.182.146,1,0,1,175208.0
66.6.147.80,12,0,12,16511.75
67.170.98.63,9,0,8,12105.777777777777
67.171.28.123,1,0,1,30438.0
67.214.178.190,2,0,2,23440.0
67.215.172.14,1,1,1,7861.0
67.220.144.164,2,0,2,23440.0
67.220.144.166,2,0,2,31008.0
67.220.144.226,2,0,2,29361.0
67.220.144.83,2,0,2,31008.0
67.225.29.201,1,0,1,5052.0
67.233.210.41,5,0,5,15065.6
67.244.81.209,7,0,7,18627.85714285714
67.253.133.120,6,0,6,14189.666666666666
67.61.162.49,6,0,6,13380.5
67.61.65.249,38,0,38,114956.05263157895
68.115.79.126,1,0,1,175208.0
68.120.89.142,3,0,1,175208.0
68.13.110.158,6,0,6,14473.166666666666
68.14.231.140,3,0,2,139031.0
68.151.4.139,6,0,6,14089.0
68.174.223.12,6,0,6,13048.666666666666
68.180.224.225,95,0,93,1769819.9263157896
68.180.224.235,5,0,5,17793.2
68.183.65.140,6,0,6,13572.166666666666
68.184.202.186,6,0,6,13122.666666666666
68.189.165.19,1,0,1,175208.0
68.193.198.76,1,0,1,3638.0
68.4.202.231,10,0,6,9306.4
68.40.205.212,1,0,1,3638.0
68.65.254.140,2,0,1,50112.0
68.8.191.88,1,0,1,5052.0
68.87.42.115,1,0,1,47731.0
68.88.73.113,6,0,2,26875.0
68.97.23.170,1,0,1,3638.0
69.115.24.125,2,0,2,26875.0
69.143.198.134,1,0,1,175208.0
69.160.56.236,4,0,1,9482.0
69.165.204.172,2,0,1,175208.0
69.167.130.5,9,0,9,16678.555555555555
69.167.81.126,2,0,2,23440.0
69.171.237.10,1,1,1,364.0
69.171.237.9,1,1,1,364.0
69.171.248.3,1,0,1,175208.0
69.171.248.4,1,0,1,175208.0
69.175.14.228,1,0,1,54306753.0
69.175.14.230,1,1,1,296.0
69.175.87.242,1,1,1,296.0
69.181.104.228,6,0,6,13380.5
69.234.185.154,6,0,6,14473.166666666666
69.26.164.70,2,0,2,29361.0
69.50.176.67,1,0,1,175208.0
69.63.23.193,1,0,1,3638.0
69.85.215.56,6,0,6,14473.166666666666
70.109.45.64,6,0,6,13380.5
70.112.152.59,6,0,6,14473.166666666666
70.127.254.161,6,0,6,13380.5
70.177.214.34,1,0,1,175208.0
70.182.103.221,6,0,6,12927.0
70.186.197.197,6,0,6,13380.5
70.190.77.28,2,0,2,14192.5
70.193.72.87,1,0,1,6443283.0
70.197.6.64,1,0,1,18848.0
70.210.13.207,2,0,1,175208.0
70.42.255.243,1,0,1,3638.0
70.83.251.183,10,0,6,12945.1
71.171.122.192,1,0,1,175208.0
71.191.158.163,6,0,6,13380.5
71.207.12.53,2,0,1,3638.0
71.207.215.148,6,0,6,13380.5
71.212.224.97,5,0,5,15329.0
71.229.217.245,1,0,1,430406.0
71.33.204.157,6,0,6,14473.166666666666
71.59.185.163,1,0,1,3638.0
71.59.29.242,2,0,2,26875.0
71.9.98.194,6,0,6,13380.5
72.167.232.223,1,0,1,1168622.0
72.174.22.174,6,0,6,13380.5
72.177.92.9,1,0,1,175208.0
72.182.137.233,1,0,1,175208.0
72.182.73.81,1,0,1,175208.0
72.199.66.220,6,0,6,14473.166666666666
72.215.249.101,6,0,6,14473.166666666666
72.223.76.198,18,0,18,15014.666666666666
72.4.104.94,6,0,6,13167.333333333334
72.54.172.193,6,0,6,13380.5
72.76.128.176,7,0,6,13225.0
72.9.0.86,6,0,6,14473.166666666666
74.105.15.185,5,0,5,16640.2
74.125.176.144,9,0,1,29941.0
74.125.176.145,4,0,1,29941.0
74.125.176.146,9,0,1,29941.0
74.125.176.147,2,0,1,29941.0
74.125.176.148,6,0,1,29941.0
74.125.176.149,6,0,1,29941.0
74.125.176.150,10,0,1,29941.0
74.125.176.151,8,0,1,29941.0
74.125.176.80,1,0,1,29941.0
74.125.176.81,1,0,1,29941.0
74.125.176.82,3,0,1,29941.0
74.125.176.83,2,0,1,29941.0
74.125.176.84,3,0,1,29941.0
74.125.19.208,1,0,1,29941.0
74.125.19.215,1,0,1,29941.0
74.125.19.80,5,0,1,29941.0
74.125.19.81,3,0,1,29941.0
74.125.19.82,11,0,1,29941.0
74.125.19.83,3,0,1,29941.0
74.125.19.84,2,0,1,29941.0
74.125.40.16,2,0,1,29941.0
74.125.40.17,3,0,1,29941.0
74.125.40.18,1,0,1,29941.0
74.125.40.19,3,0,1,29941.0
74.125.40.20,2,0,1,29941.0
74.125.40.21,3,0,1,29941.0
74.125.40.22,3,0,1,29941.0
74.125.40.23,1,0,1,29941.0
74.207.228.17,2,0,1,3638.0
74.208.16.115,1,1,1,7861.0
74.208.180.23,1,1,1,364.0
74.218.234.48,6,0,6,14473.166666666666
74.221.220.196,2,0,2,23440.0
74.76.53.142,6,0,6,13380.5
74.80.168.244,2,0,2,29361.0
75.127.15.68,1,0,1,54306753.0
75.132.156.143,6,0,6,13380.5
75.134.169.174,6,0,6,13380.5
75.144.62.181,11,0,6,14903.272727272728
75.161.167.75,6,0,6,17398.166666666668
75.67.42.229,7,1,7,12205.57142857143
75.93.220.113,1,0,1,175208.0
75.97.9.59,99,6,95,173134.88888888888
76.103.82.13,6,0,6,13380.5
76.115.204.132,6,0,6,14473.166666666666
76.14.236.249,6,0,6,13161.0
76.164.234.106,2,1,2,19114.5
76.167.133.189,6,0,6,13380.5
76.176.53.173,7,0,7,18627.85714285714
76.2.185.161,7,0,7,18627.85714285714
76.203.196.208,1,0,1,66717.0
76.21.44.161,1,0,1,2269.0
77.0.42.68,6,0,6,13380.5
77.1.77.21,6,0,6,14189.666666666666
77.11.205.74,6,0,6,13380.5
77.125.123.137,2,0,2,9954.0
77.175.189.215,6,0,6,13380.5
77.175.4.43,6,0,6,13380.5
77.185.166.237,1,0,1,3638.0
77.230.140.4,2,0,2,26875.0
77.231.200.120,1,0,1,29941.0
77.234.68.135,2,0,1,3638.0
77.240.31.230,6,0,6,14473.166666666666
77.241.193.88,10,0,6,10278.8
77.248.77.178,6,0,6,14089.0
78.128.48.215,2,0,2,31008.0
78.134.38.242,1,0,1,47731.0
78.145.242.171,6,0,6,13006.666666666666
78.157.154.210,17,0,17,11502.117647058823
78.157.30.184,1,0,1,175208.0
78.166.243.242,1,0,1,65748.0
78.171.202.100,9,0,8,15603.222222222223
78.173.140.106,3,3,1,7861.0
78.19.193.147,6,0,6,13380.5
78.193.126.4,7,0,7,18627.85714285714
78.231.138.213,2,0,2,26875.0
78.26.132.172,2,0,2,26875.0
78.46.140.200,2,0,2,27158226.0
78.47.134.185,1,0,1,25606.0
78.49.133.207,7,0,7,18627.85714285714
78.57.150.9,2,0,2,27158226.0
78.6.176.46,6,0,6,14473.166666666666
78.73.74.252,1,0,1,36159.0
78.97.239.35,6,0,6,14473.166666666666
79.101.87.86,16,0,12,12197.6875
79.103.41.39,12,0,12,15812.416666666666
79.114.119.129,1,0,1,37932.0
79.114.20.37,2,0,2,18848.0
79.116.60.76,1,0,1,1693678.0
79.118.91.108,2,0,1,3638.0
79.164.36.106,2,0,2,26875.0
79.170.40.34,2,0,1,1079983.0
79.171.127.34,33,1,33,71442.42424242424
79.176.36.151,7,0,7,12729.714285714286
79.185.184.23,6,0,6,13380.5
79.191.201.108,6,0,6,14473.166666666666
79.197.82.119,6,0,6,12965.833333333334
79.215.79.185,1,0,1,12292.0
79.224.95.124,2,0,2,26875.0
79.235.40.176,2,0,2,26875.0
79.35.84.239,6,0,6,13380.5
79.83.255.199,6,0,6,13100.666666666666
79.84.40.134,18,0,17,22898.333333333332
8.35.201.49,2,0,2,5511.5
8.35.201.52,1,0,1,52315.0
8.35.201.53,2,0,2,26875.0
8.35.201.54,1,0,1,1015.0
8.35.201.55,1,0,1,12292.0
8.8.178.123,2,0,2,2278.0
80.108.184.97,3,0,3,512661.3333333333
80.108.25.232,33,1,33,71442.42424242424
80.118.116.26,7,0,7,18002.0
80.123.167.213,2,0,1,3638.0
80.130.134.87,2,0,2,26875.0
80.133.249.216,6,0,6,13380.5
80.153.191.173,6,0,6,16413.166666666668
80.156.209.18,6,0,6,17311.0
80.160.68.134,9,0,7,17219.88888888889
80.187.96.71,4,0,2,847748.5
80.237.234.150,4,0,1,3638.0
80.239.169.204,6,0,6,13048.666666666666
80.241.254.122,1,0,1,65748.0
80.252.78.170,6,0,6,12858.166666666666
80.254.147.68,1,0,1,3638.0
80.254.166.203,2,0,2,601417.5
80.28.130.108,6,0,6,14473.166666666666
80.32.77.152,8,0,8,12788.5
80.48.102.35,6,0,6,14473.166666666666
80.57.170.121,6,0,6,13964.5
80.89.192.53,4,0,4,17074.0
80.94.240.100,1,0,1,175208.0
81.130.81.254,2,0,2,14192.5
81.136.131.79,2,0,2,14192.5
81.142.35.154,6,0,6,27140.5
81.154.31.181,5,0,5,16640.2
81.157.147.252,6,0,6,14473.166666666666
81.169.144.135,1,1,1,292.0
81.169.149.220,1,0,1,3638.0
81.170.148.153,6,0,6,20831.0
81.187.167.236,8,0,7,16754.125
81.190.174.219,19,0,8,5852.736842105263
81.198.20.11,7,0,1,37936.0
81.210.53.2,6,0,6,13100.666666666666
81.220.24.207,6,0,6,14189.666666666666
81.34.53.43,7,0,7,14588.142857142857
81.52.143.26,1,0,1,20572.0
81.52.143.33,1,0,1,8793.0
81.52.143.34,1,0,1,8810.0
81.56.9.191,2,0,2,14192.5
81.61.214.106,6,0,6,14473.166666666666
81.82.116.247,1,0,1,1079983.0
82.127.237.118,1,0,1,2804.0
82.130.48.164,6,0,6,13380.5
82.130.49.223,6,0,6,13380.5
82.135.32.98,7,0,7,20673.428571428572
82.136.45.164,5,0,5,15251.0
82.145.208.98,6,0,6,13161.0
82.145.219.13,6,0,6,17654.5
82.165.139.53,5,0,1,12292.0
82.178.75.63,1,0,1,65748.0
82.181.180.138,7,0,7,18002.0
82.181.39.216,1,0,1,3638.0
82.193.99.33,3,0,1,17147.0
82.200.166.110,1,0,1,65259653.0
82.209.214.162,1,0,1,1275832.0
82.225.159.87,1,0,1,3638.0
82.233.80.245,6,0,6,13380.5
82.24.16.46,1,0,1,47731.0
82.247.137.135,6,0,6,17653.833333333332
82.38.225.83,1,0,1,103044.0
82.60.18.23,2,0,2,26875.0
82.80.14.189,29,0,29,125469.75862068965
82.80.23.217,1,0,1,3638.0
82.98.148.169,2,0,2,75268.0
83.10.253.20,1,0,1,37269.0
83.105.90.45,6,0,6,13380.5
83.115.137.249,2,0,2,89423.0
83.139.110.254,1,0,1,3638.0
83.149.9.216,23,0,23,190411.04347826086
83.161.149.61,2,0,2,89423.0
83.175.127.2,6,0,6,14473.166666666666
83.206.120.18,6,0,6,13473.666666666666
83.216.183.22,2,0,1,3638.0
83.221.67.237,7,0,7,11629.714285714286
83.222.46.173,1,0,1,47731.0
83.25.215.235,1,0,1,3638.0
83.252.13.79,2,0,1,3638.0
83.253.123.163,7,0,7,18627.85714285714
83.31.36.250,4,0,2,26875.0
83.31.73.148,2,0,2,26875.0
83.42.229.238,18,0,2,188388.55555555556
83.61.80.53,26,0,25,13353.807692307691
83.69.235.12,6,0,6,12961.833333333334
84.112.29.184,6,0,6,13380.5
84.121.6.23,5,0,5,15065.6
84.137.208.44,9,4,9,8655.666666666666
84.198.71.68,1,0,1,30438.0
84.215.206.35,2,0,2,26875.0
84.233.151.236,6,0,6,13211.0
84.46.60.57,6,0,6,14473.166666666666
84.52.150.17,7,0,7,18627.85714285714
84.58.19.108,2,0,2,26875.0
84.60.79.43,6,0,6,12904.833333333334
84.75.200.115,7,0,7,18002.0
84.85.130.133,12,0,7,17253.333333333332
84.95.88.100,1,0,1,37932.0
85.11.191.105,1,0,1,3638.0
85.115.58.180,33,1,33,71442.42424242424
85.168.225.197,9,0,9,111140.44444444444
85.170.84.143,5,0,5,14880.4
85.19.71.167,1,1,1,292.0
85.216.186.139,6,0,6,13211.0
85.224.97.187,2,0,1,18848.0
85.246.85.57,1,0,1,3638.0
85.248.108.8,6,0,6,13380.5
85.254.143.114,6,0,2,26875.0
85.28.124.249,6,0,6,14473.166666666666
85.43.182.12,9,1,9,122578.22222222222
85.76.162.29,1,0,1,175208.0
85.89.160.218,7,0,7,20673.428571428572
86.1.76.62,6,0,6,13380.5
86.101.235.77,1,0,1,47731.0
86.101.250.29,1,0,1,47731.0
86.103.158.181,1,0,1,3638.0
86.130.160.107,9,0,8,15891.777777777777
86.166.162.41,2,0,2,26875.0
86.180.53.110,1,0,1,25683.0
86.182.52.145,6,0,6,14473.166666666666
86.185.215.203,1,0,1,15945.0
86.19.216.99,2,0,2,358299.0
86.220.101.19,2,0,2,31008.0
86.28.207.22,4,2,4,10547.5
86.43.205.189,1,0,1,339.0
86.56.94.63,6,0,6,12927.0
86.76.247.183,50,0,50,276241.78
86.9.201.133,2,0,2,7307.0
86.96.42.185,2,0,2,17310.5
87.109.78.50,1,0,1,175208.0
87.158.133.11,2,0,2,26875.0
87.169.99.232,1,0,1,24747.0
87.175.104.247,1,0,1,3638.0
87.179.0.125,1,0,1,3638.0
87.182.248.236,6,0,6,13380.5
87.216.109.88,6,0,6,13100.666666666666
87.219.103.122,2,0,2,26875.0
87.6.86.34,6,0,6,13380.5
87.64.176.135,5,0,5,15125.6
88.103.19.195,23,0,11,52445.260869565216
88.112.19.251,11,0,7,12063.272727272728
88.115.211.201,1,0,1,3638.0
88.120.89.50,29,0,27,8840.310344827587
88.134.8.254,1,0,1,3638.0
88.152.28.187,1,0,1,3638.0
88.159.158.68,1,0,1,18848.0
88.162.202.146,1,0,1,175208.0
88.172.188.129,2,0,2,26875.0
88.184.51.134,7,0,7,18627.85714285714
88.196.179.78,6,0,2,11383.666666666666
88.198.156.152,1,0,1,18586.0
88.198.255.242,4,0,2,27158226.0
88.210.182.128,6,0,6,12998.666666666666
88.218.141.221,6,0,6,14189.666666666666
88.234.222.56,1,0,1,65748.0
88.3.37.62,33,1,33,71442.42424242424
88.61.50.114,1,0,1,65748.0
88.8.30.135,2,0,2,20785.0
88.80.20.186,2,0,1,18729.0
89.100.113.231,1,0,1,1168622.0
89.107.177.18,37,2,35,239910.62162162163
89.107.180.34,1,1,1,364.0
89.121.200.106,6,0,6,13380.5
89.136.142.105,4,0,1,3638.0
89.156.153.83,6,0,6,14473.166666666666
89.176.234.221,1,0,1,3638.0
89.182.254.89,1,0,1,3638.0
89.191.52.88,7,0,7,18627.85714285714
89.2.87.1,18,0,2,188388.55555555556
89.212.62.88,6,0,6,13211.0
89.216.30.194,7,0,7,14588.142857142857
89.218.93.74,12,0,12,10281.75
89.238.233.38,7,0,7,22166.85714285714
89.238.251.138,6,0,6,13964.5
89.250.16.2,6,0,6,12987.833333333334
89.44.18.87,2,0,1,11388.0
89.68.134.81,8,0,7,22563.375
90.1.43.248,4,0,4,233068.25
90.175.31.133,2,1,2,1973.0
90.220.199.149,6,0,6,12998.666666666666
91.114.206.13,7,0,7,22166.85714285714
91.144.171.126,1,0,1,3638.0
91.151.182.109,6,0,6,13380.5
91.177.205.119,6,0,6,13161.0
91.179.36.136,6,0,6,13380.5
91.180.146.16,6,0,6,13380.5
91.183.139.98,6,0,6,14473.166666666666
91.191.197.87,1,0,1,65748.0
91.204.25.44,7,0,7,11517.42857142857
91.207.5.54,1,0,1,20572.0
91.207.7.78,1,0,1,50112.0
91.207.8.61,2,0,1,18729.0
91.213.10.2,6,0,6,13380.5
91.217.86.20,1,0,1,47731.0
91.220.39.15,6,0,6,13161.0
91.221.131.30,19,0,19,22743.36842105263
91.231.179.253,6,0,6,12884.5
91.232.96.8,5,0,1,53270.0
91.236.74.121,1,0,1,12292.0
91.236.74.5,1,0,1,6100.0
91.236.75.25,1,0,1,37932.0
91.236.75.26,1,0,1,9799.0
91.68.55.56,6,0,6,13483.333333333334
91.9.25.91,3,0,2,34620.666666666664
91.99.29.38,6,0,6,13380.5
92.100.97.83,2,0,2,26875.0
92.108.120.46,2,0,2,14192.5
92.115.179.247,6,0,6,12748.5
92.163.85.51,6,0,6,12927.0
92.230.101.44,2,0,2,26875.0
92.230.229.41,6,0,6,13380.5
92.234.93.242,7,0,6,11843.42857142857
92.236.181.94,6,0,6,14473.166666666666
92.237.208.151,2,0,2,26875.0
92.239.20.53,2,0,2,14192.5
92.50.146.166,6,0,6,14473.166666666666
92.96.157.230,1,0,1,65748.0
93.104.161.108,9,0,6,15931.444444444445
93.114.45.13,6,0,6,14473.166666666666
93.129.45.32,2,0,2,26875.0
93.139.195.61,6,0,6,13380.5
93.152.153.38,5,0,5,16640.2
93.164.60.142,1,0,1,175208.0
93.17.51.134,43,0,43,110182.13953488372
93.175.2.211,1,0,1,30438.0
93.191.160.193,6,0,6,13161.0
93.203.255.51,2,0,2,26875.0
93.210.154.199,6,0,6,14189.666666666666
93.42.158.73,1,0,1,18586.0
93.57.95.188,5,0,5,14784.8
93.79.237.62,1,0,1,20572.0
93.80.29.12,6,0,6,13380.5
93.91.233.50,3,0,2,48157.333333333336
94.153.8.37,1,0,1,38217.0
94.153.9.168,2,1,2,19304.0
94.175.135.116,1,0,1,175208.0
94.194.53.206,1,0,1,3638.0
94.197.120.210,1,0,1,65748.0
94.222.112.110,6,0,6,14189.666666666666
94.23.106.234,2,0,1,18729.0
94.23.164.135,6,0,2,27158226.0
94.242.255.188,1,1,1,297.0
94.253.195.219,7,0,7,18627.85714285714
94.7.215.43,9,0,1,32352.0
94.7.95.97,7,0,6,13225.0
94.79.44.40,12,0,7,13006.666666666666
94.93.82.148,24,0,24,52266.5
95.128.40.244,1,0,1,12292.0
95.148.254.71,6,0,6,12884.5
95.153.110.172,1,0,1,66717.0
95.153.89.104,1,0,1,66717.0
95.153.95.223,1,0,1,66717.0
95.172.74.38,6,0,6,13211.0
95.222.193.200,2,0,1,3638.0
95.234.214.194,1,0,1,65748.0
95.37.5.175,1,0,1,44019.0
95.49.190.247,2,0,2,26875.0
95.78.54.93,3,3,3,291.6666666666667
95.82.59.254,6,0,6,14473.166666666666
95.87.197.134,6,0,6,13964.5
95.91.242.50,2,0,2,26875.0
95.97.244.106,6,0,6,13211.0
96.127.149.186,1,1,1,296.0
96.127.213.6,2,0,2,26875.0
96.242.86.110,2,0,2,26875.0
96.254.233.150,6,0,6,14089.0
96.36.44.80,6,0,6,13380.5
96.49.174.109,1,0,1,7089.0
96.49.214.84,7,0,7,16569.14285714286
96.63.29.108,6,0,6,13380.5
97.116.185.190,6,0,6,14473.166666666666
97.74.24.112,2,0,2,64635.5
97.74.24.113,1,0,1,34213.0
97.82.80.65,9,0,6,10707.666666666666
97.93.16.156,1,0,1,175208.0
98.115.54.224,1,0,1,175208.0
98.122.171.175,9,0,9,15241.888888888889
98.130.2.118,1,1,1,292.0
98.173.30.75,2,0,2,14192.5
98.193.68.66,6,0,6,13558.166666666666
98.202.182.168,1,0,1,175208.0
98.206.132.188,3,0,1,14352.0
98.210.187.48,6,0,6,12779.0
98.216.194.189,4,0,1,3638.0
98.227.31.237,6,0,6,13380.5
98.234.37.228,1,0,1,90256.0
98.245.87.136,2,0,2,6000.5
98.248.53.169,5,0,5,16640.2
98.252.226.135,10,0,10,15602.5
98.64.39.111,1,0,1,175208.0
98.85.3.179,2,0,1,3638.0
99.100.25.83,1,0,1,50112.0
99.101.69.97,5,0,5,16640.2
99.11.114.240,2,0,1,16543.0
99.146.78.102,1,0,1,175208.0
99.151.9.144,1,0,1,37932.0
99.158.0.150,6,0,6,14473.166666666666
99.17.221.6,2,0,2,3223460.5
99.171.108.193,6,0,6,13221.5
99.179.126.76,1,0,1,175208.0
99.188.185.40,1,0,1,175208.0
99.237.56.116,2,0,2,26875.0
99.252.100.83,26,0,23,11466.192307692309
99.33.244.41,9,0,7,10363.555555555555
99.6.61.4,6,0,6,12738.333333333334
